{"count":3,"results":[{"id":1,"name":"Une injection SQL simple","description":"Le but ici est de r\u00e9cup\u00e9rer le flag qui est stock\u00e9 dans la base.","attribution":null,"connection_info":null,"next_id":null,"max_attempts":0,"value":15,"category":"WEB","type":"standard","state":"visible","logic":"any","requirements":null},{"id":2,"name":"Upload de fichier","description":"Le but dans celui-la est de lire le flag qui est stock\u00e9 dans ../../var/ctf/flag_upload.txt","attribution":null,"connection_info":null,"next_id":null,"max_attempts":0,"value":15,"category":"WEB","type":"standard","state":"visible","logic":"any","requirements":null},{"id":3,"name":"Ex\u00e9cution de commande shell","description":"Le but ici est de lire /flag_cmd.txt via l\u2019ajout de /ping?host=<payload> dans l\u2019URL.","attribution":null,"connection_info":"http://localhost:5000/","next_id":null,"max_attempts":0,"value":20,"category":"WEB","type":"standard","state":"visible","logic":"any","requirements":null}],"meta":{}}